timestamp,flow_count,unique_src_ips,unique_dst_ips,unique_src_ports,unique_dst_ports,packets_total,bytes_total,pkt_rate_mean,byte_rate_mean,duration_mean,duration_std,iat_mean,iat_std,iat_max,ttl_mean,ttl_var,tcp_window_mean,tcp_window_var,pkt_len_mean,pkt_len_std,payload_mean,payload_std,retransmissions,syn_count,ack_count,rst_count,fin_count,psh_count,urg_count,syn_ratio,rst_ratio,inbound_outbound_byte_ratio,inbound_outbound_packet_ratio,distinct_dst_per_src_mean,failed_flow_ratio,small_flow_ratio,scan_score,well_known_dst_port_ratio,protocol_tcp,protocol_udp,protocol_icmp,protocol_other,dst_port_20,dst_port_21,dst_port_22,dst_port_23,dst_port_25,dst_port_53,dst_port_80,dst_port_110,dst_port_123,dst_port_135,dst_port_139,dst_port_143,dst_port_443,dst_port_445,dst_port_3389,dst_port_8080,dst_port_8443,dst_port_other,attack_flows,attack_fraction,stage,is_attack,source,filled,segment
2023-11-14 22:13:20,34.0,16.0,4.0,33.0,5.0,192.0,49752.0,76.4722603350632,7102.95158010109,9.677941182080437,37.65876429211917,2.1764705890700933,2.1971980886160183,110.0,63.94117647058823,0.055363321799632104,64240.0,0.0,283.7282913165266,345.80750945729324,1463.2941176470588,602.5197838788349,1.0,60.0,151.0,0.0,30.0,61.0,0.0,1.7647058823529411,0.0,1.0557828188917813,0.45454545454545453,1.1875,0.11764705882352941,0.058823529411764705,0.007470902799622523,0.9411764705882353,0.8823529411764706,0.11764705882352941,0.0,0.0,0.0,0.0,0.0,0.0,0.0,0.058823529411764705,0.17647058823529413,0.0,0.0,0.0,0.0,0.0,0.47058823529411764,0.0,0.0,0.23529411764705882,0.0,0.058823529411764705,0.0,0.0,Benign,False,sample_traffic.pcap,False,0
2023-11-14 22:13:30,31.0,18.0,4.0,30.0,5.0,168.0,46689.0,114.19411348410469,10433.431006573253,3.972580579019362,20.27093836530037,1.8983870865562544,1.9290497808809515,115.0,63.935483870967744,0.06035379812692554,64240.0,0.0,294.3141321044547,362.58196929452123,1506.0967741935483,657.8286547588608,1.0,54.0,136.0,0.0,27.0,55.0,0.0,1.7419354838709677,0.0,1.111955489211562,0.47368421052631576,1.1111111111111112,0.12903225806451613,0.12903225806451613,0.01776604654704195,0.9354838709677419,0.8709677419354839,0.12903225806451613,0.0,0.0,0.0,0.0,0.0,0.0,0.0,0.06451612903225806,0.1935483870967742,0.0,0.0,0.0,0.0,0.0,0.5483870967741935,0.0,0.0,0.12903225806451613,0.0,0.06451612903225806,0.0,0.0,Benign,False,sample_traffic.pcap,False,0
2023-11-14 22:13:40,38.0,18.0,4.0,37.0,5.0,216.0,56415.0,70.53145520396751,6935.412426764144,3.1671052606482255,14.02253485427652,0.9548245611644927,0.7363527251341913,50.0,63.94736842105263,0.04986149584510713,64240.0,0.0,287.06328320802004,356.66984197410335,1484.6052631578948,522.3499804513846,3.0,68.0,173.0,0.0,34.0,71.0,0.0,1.7894736842105263,0.0,1.1621569829832898,0.4594594594594595,1.1666666666666667,0.10526315789473684,0.07894736842105263,0.009089335180055402,0.9473684210526315,0.8947368421052632,0.10526315789473684,0.0,0.0,0.0,0.0,0.0,0.0,0.0,0.05263157894736842,0.23684210526315788,0.0,0.0,0.0,0.0,0.0,0.39473684210526316,0.0,0.0,0.2631578947368421,0.0,0.05263157894736842,0.0,0.0,Benign,False,sample_traffic.pcap,False,0
2023-11-14 22:13:50,30.0,15.0,2.0,30.0,4.0,172.0,47171.0,85.3333338782917,7815.682663967382,0.2833333253860474,0.0767390955311079,0.04666666530427478,0.07932150675966977,0.24000000953674316,64.0,0.0,64240.0,0.0,299.3174603174603,381.4695074236375,1572.3666666666666,591.8509656624341,2.0,56.0,142.0,0.0,28.0,58.0,0.0,1.8666666666666667,0.0,1.3146866872761176,0.4827586206896552,1.0666666666666667,0.06666666666666667,0.06666666666666667,0.0071111111111111115,1.0,0.9333333333333333,0.06666666666666667,0.0,0.0,0.0,0.0,0.0,0.0,0.0,0.06666666666666667,0.2,0.0,0.0,0.0,0.0,0.0,0.5666666666666667,0.0,0.0,0.16666666666666666,0.0,0.0,0.0,0.0,Benign,False,sample_traffic.pcap,False,0
2023-11-14 22:14:00,29.0,16.0,2.0,29.0,4.0,165.0,46960.0,87.58620891665957,8098.029881208637,0.28103445316183157,0.0770286438588142,0.04655171908768527,0.0793290731146077,0.24000000953674316,64.0,0.0,64240.0,0.0,308.9014778325123,389.78392418240617,1619.3103448275863,630.8074794260773,1.0,54.0,136.0,0.0,27.0,55.0,0.0,1.8620689655172413,0.0,1.2091546314155337,0.4864864864864865,1.125,0.06896551724137931,0.06896551724137931,0.007561206134333363,1.0,0.9310344827586207,0.06896551724137931,0.0,0.0,0.0,0.0,0.0,0.0,0.0,0.06896551724137931,0.20689655172413793,0.0,0.0,0.0,0.0,0.0,0.6206896551724138,0.0,0.0,0.10344827586206896,0.0,0.0,0.0,0.0,Benign,False,sample_traffic.pcap,False,0
2023-11-14 22:14:10,34.0,16.0,2.0,34.0,4.0,195.0,55022.0,77.64705727414514,7704.327310600311,0.28382355325362263,0.0714560707724368,0.047058827402878874,0.08022775436082825,0.24000096321105957,64.0,0.0,64240.0,0.0,309.21638655462186,392.90542676539866,1618.2941176470588,597.492826903129,1.0,64.0,161.0,0.0,32.0,65.0,0.0,1.8823529411764706,0.0,1.2900070753735382,0.48854961832061067,1.125,0.058823529411764705,0.058823529411764705,0.00566215791129286,1.0,0.9411764705882353,0.058823529411764705,0.0,0.0,0.0,0.0,0.0,0.0,0.0,0.058823529411764705,0.23529411764705882,0.0,0.0,0.0,0.0,0.0,0.4411764705882353,0.0,0.0,0.2647058823529412,0.0,0.0,0.0,0.0,Benign,False,sample_traffic.pcap,False,0
2023-11-14 22:14:20,39.0,19.0,4.0,38.0,5.0,217.0,62928.0,94.87255623610797,9692.205357971452,3.7307692063160434,21.294830890453056,0.910256406180879,1.0998109110463659,100.0,63.94871794871795,0.048652202498487895,64240.0,0.0,312.0940170940171,393.41052595834594,1613.5384615384614,639.7504259436405,0.0,70.0,175.0,0.0,35.0,70.0,0.0,1.794871794871795,0.0,1.287375958707426,0.47619047619047616,1.1578947368421053,0.10256410256410256,0.07692307692307693,0.008654349313689974,0.9487179487179487,0.8974358974358975,0.10256410256410256,0.0,0.0,0.0,0.0,0.0,0.0,0.0,0.05128205128205128,0.23076923076923078,0.0,0.0,0.0,0.0,0.0,0.5128205128205128,0.0,0.0,0.15384615384615385,0.0,0.05128205128205128,0.0,0.0,Benign,False,sample_traffic.pcap,False,0
2023-11-14 22:14:30,39.0,20.0,4.0,38.0,5.0,216.0,58071.0,69.23247822492752,6977.162344270125,3.4743589804722714,14.012242227515989,1.6474358984547801,1.6792410685306227,75.0,63.94871794871795,0.048652202498487895,64240.0,0.0,291.72222222222223,373.1798788023507,1489.0,598.5408753687416,0.0,70.0,175.0,0.0,35.0,70.0,0.0,1.794871794871795,0.0,1.2875206806901442,0.4794520547945205,1.15,0.10256410256410256,0.10256410256410256,0.011539132418253299,0.9487179487179487,0.8974358974358975,0.10256410256410256,0.0,0.0,0.0,0.0,0.0,0.0,0.0,0.05128205128205128,0.358974358974359,0.0,0.0,0.0,0.0,0.0,0.41025641025641024,0.0,0.0,0.1282051282051282,0.0,0.05128205128205128,0.0,0.0,Benign,False,sample_traffic.pcap,False,0
2023-11-14 22:14:40,32.0,17.0,4.0,31.0,5.0,173.0,46908.0,111.25625178814815,10162.854747284851,0.5749999731779099,1.6950295026199953,0.19999999552965164,0.23101003457955877,10.0,63.9375,0.05859375,64240.0,0.0,289.1145833333333,356.47542393341996,1465.875,601.0223451544875,0.0,56.0,140.0,0.0,28.0,56.0,0.0,1.75,0.0,1.1018012366699526,0.47863247863247865,1.1764705882352942,0.125,0.125,0.016741071428571428,0.9375,0.875,0.125,0.0,0.0,0.0,0.0,0.0,0.0,0.0,0.0625,0.1875,0.0,0.0,0.0,0.0,0.0,0.40625,0.0,0.0,0.28125,0.0,0.0625,0.0,0.0,Benign,False,sample_traffic.pcap,False,0
2023-11-14 22:14:50,354.0,15.0,3.0,40.0,339.0,441.0,27662.0,952.9378532984905,732.0608748291461,0.014689262303928871,0.06549712279846978,0.0024011294656393826,0.004067246740228055,0.24000096321105957,47.95762711864407,15.317413578473406,4085.74358974359,184176908.9598948,52.97027172450901,18.36955938771821,78.14124293785311,362.89642628252017,2.0,368.0,87.0,0.0,17.0,36.0,0.0,1.03954802259887,0.0,1.238569232014243,0.08353808353808354,1.0666666666666667,0.9519774011299436,0.9519774011299436,1.0,0.06497175141242938,0.9915254237288136,0.00847457627118644,0.0,0.0,0.002824858757062147,0.0,0.0,0.002824858757062147,0.002824858757062147,0.005649717514124294,0.011299435028248588,0.0,0.002824858757062147,0.0,0.0,0.0,0.01694915254237288,0.0,0.0,0.01977401129943503,0.0,0.9350282485875706,0.0,0.0,Benign,False,sample_traffic.pcap,False,0
2023-11-14 22:15:00,365.0,18.0,3.0,52.0,337.0,512.0,48704.0,917.7538171194884,661.6219113691509,0.06494520527042755,0.7870014167562924,0.02452739711221495,0.027343180938040203,15.0,48.487671232876714,23.033409645336633,6088.265193370165,294495806.51530784,62.487671232876714,32.97628098852881,133.43561643835616,469.00355385219615,0.0,392.0,146.0,0.0,29.0,58.0,0.0,1.073972602739726,0.0,1.3497853041925991,0.13024282560706402,1.0555555555555556,0.9178082191780822,0.9205479452054794,1.0,0.09041095890410959,0.9917808219178083,0.00821917808219178,0.0,0.0,0.0,0.0,0.0,0.0,0.0,0.005479452054794521,0.010958904109589041,0.0,0.0,0.0,0.0,0.0027397260273972603,0.043835616438356165,0.0,0.0,0.0273972602739726,0.0,0.9095890410958904,0.0,0.0,Benign,False,sample_traffic.pcap,False,0
2023-11-14 22:15:10,60.0,16.0,2.0,47.0,37.0,185.0,42998.0,591.6666682561281,3717.667091476542,0.1249999761581421,0.1479019663674844,0.020833329359690348,0.0356000280076555,0.24000096321105957,54.65,71.52750000000015,28272.275862068964,980058469.4411415,160.15,176.34151158278908,716.6333333333333,879.4813427368555,0.0,83.0,125.0,0.0,25.0,50.0,0.0,1.3833333333333333,0.0,1.3689052944741336,0.37037037037037035,1.125,0.5833333333333334,0.5833333333333334,0.48819444444444454,0.45,0.9666666666666667,0.03333333333333333,0.0,0.0,0.0,0.0,0.0,0.0,0.0,0.03333333333333333,0.1,0.0,0.0,0.0,0.0,0.0,0.16666666666666666,0.0,0.0,0.15,0.0,0.55,0.0,0.0,Benign,False,sample_traffic.pcap,False,0
2023-11-14 22:15:20,26.0,16.0,3.0,26.0,5.0,143.0,41521.0,94.61748777493656,8355.44661866443,2.3807691519077006,10.524148774545953,0.749358961215386,0.710164572129243,40.0,63.96153846153846,0.03698224852087151,64240.0,0.0,309.0705128205128,388.9857537565392,1596.9615384615386,662.1330031838959,0.0,46.0,115.0,0.0,23.0,46.0,0.0,1.7692307692307692,0.0,1.1826736056352836,0.4742268041237113,1.0625,0.11538461538461539,0.11538461538461539,0.01787475345167653,0.9615384615384616,0.8846153846153846,0.11538461538461539,0.0,0.0,0.0,0.0,0.0,0.0,0.0,0.07692307692307693,0.3076923076923077,0.0,0.0,0.0,0.0,0.0,0.38461538461538464,0.0,0.0,0.19230769230769232,0.0,0.038461538461538464,0.0,0.0,Benign,False,sample_traffic.pcap,False,0
2023-11-14 22:15:30,38.0,16.0,2.0,38.0,4.0,220.0,59916.0,71.57894972273725,7292.3063963125505,0.28684207012778834,0.06852218662321444,0.04736841516685964,0.08060963594859982,0.24000096321105957,64.0,0.0,64240.0,0.0,300.82581453634083,386.25849764319906,1576.7368421052631,564.819472053753,2.0,72.0,182.0,0.0,36.0,74.0,0.0,1.894736842105263,0.0,1.3426649984360337,0.4864864864864865,1.125,0.05263157894736842,0.05263157894736842,0.004616805170821791,1.0,0.9473684210526315,0.05263157894736842,0.0,0.0,0.0,0.0,0.0,0.0,0.0,0.05263157894736842,0.13157894736842105,0.0,0.0,0.0,0.0,0.0,0.5789473684210527,0.0,0.0,0.23684210526315788,0.0,0.0,0.0,0.0,Benign,False,sample_traffic.pcap,False,0
2023-11-14 22:15:40,83.0,19.0,3.0,83.0,6.0,406.0,69905.0,65.86437792812008,4153.784147356389,1.3186741765723171,10.34608805759331,0.41285127801451954,0.36835616998680604,65.0,55.795180722891565,71.97009725649605,46720.0,306950400.0,183.11675272518644,211.55455067057687,842.2289156626506,869.6366687010309,1.0,160.0,281.0,40.0,40.0,121.0,0.0,1.927710843373494,0.4819277108433735,1.1733250427483288,0.6504065040650406,1.105263157894737,0.03614457831325301,0.03614457831325301,0.0024161941196577993,0.9879518072289156,0.963855421686747,0.03614457831325301,0.0,0.0,0.0,0.0,0.4819277108433735,0.0,0.0,0.024096385542168676,0.13253012048192772,0.0,0.0,0.0,0.0,0.0,0.26506024096385544,0.0,0.0,0.08433734939759036,0.0,0.012048192771084338,0.0,0.0,Benign,False,sample_traffic.pcap,False,0
2023-11-14 22:15:50,70.0,17.0,2.0,70.0,5.0,330.0,49738.0,74.66730910580728,3995.153317746827,0.1542851277760097,0.11938663062947444,0.028571282681964693,0.04274748148818675,0.24000000953674316,54.285714285714285,70.77551020408191,43628.23529411765,297391391.0034597,162.08095238095237,183.0994557428848,710.5428571428571,823.9816691046034,0.0,136.0,220.0,40.0,28.0,96.0,0.0,1.9428571428571428,0.5714285714285714,1.2570222807097156,0.7010309278350515,1.0588235294117647,0.02857142857142857,0.02857142857142857,0.0018367346938775507,1.0,0.9714285714285714,0.02857142857142857,0.0,0.0,0.0,0.0,0.5714285714285714,0.0,0.0,0.02857142857142857,0.12857142857142856,0.0,0.0,0.0,0.0,0.0,0.2,0.0,0.0,0.07142857142857142,0.0,0.0,0.0,0.0,Benign,False,sample_traffic.pcap,False,0
2023-11-14 22:16:00,73.0,18.0,2.0,73.0,5.0,350.0,55492.0,72.4207075856878,4058.9729754911864,0.16164326994386438,0.1222847971098789,0.029451914340627015,0.044328327262876416,0.24000000953674316,54.68493150684932,71.5856633514727,44499.15492957747,302018247.1731794,168.46412263535552,193.08459684840108,760.1643835616438,852.8617741784169,2.0,142.0,237.0,40.0,31.0,104.0,0.0,1.9452054794520548,0.547945205479452,1.1299658388669251,0.6826923076923077,1.0555555555555556,0.0273972602739726,0.0273972602739726,0.00169565482798147,1.0,0.9726027397260274,0.0273972602739726,0.0,0.0,0.0,0.0,0.547945205479452,0.0,0.0,0.0273972602739726,0.0958904109589041,0.0,0.0,0.0,0.0,0.0,0.2191780821917808,0.0,0.0,0.1095890410958904,0.0,0.0,0.0,0.0,Benign,False,sample_traffic.pcap,False,0
2023-11-14 22:16:10,89.0,21.0,3.0,89.0,6.0,441.0,76798.0,62.7724505010536,4137.188108977631,0.8005613209156508,5.778958863717338,0.34157291633550846,0.3598191810460343,55.0,56.348314606741575,71.3505870470899,47942.32558139535,305456320.1730666,186.6399143927234,219.47554308569258,862.8988764044943,821.1514530676677,1.0,172.0,311.0,40.0,46.0,133.0,0.0,1.9325842696629214,0.449438202247191,1.2810383747178329,0.6394052044609665,1.0476190476190477,0.033707865168539325,0.033707865168539325,0.0021117627480460458,0.9887640449438202,0.9662921348314607,0.033707865168539325,0.0,0.0,0.0,0.0,0.449438202247191,0.0,0.0,0.02247191011235955,0.15730337078651685,0.0,0.0,0.0,0.0,0.0,0.2696629213483146,0.0,0.0,0.0898876404494382,0.0,0.011235955056179775,0.0,0.0,Benign,False,sample_traffic.pcap,False,0
2023-11-14 22:16:20,52.0,19.0,3.0,52.0,6.0,258.0,48505.0,94.48761274963698,6667.488820439243,0.1913457467005803,0.12485459907996829,0.03365374583027738,0.05329662351376164,0.24000000953674316,57.44230769230769,68.16974852070962,49937.95918367347,296595138.6922116,198.13049450549448,236.22440707809358,932.7884615384615,843.3143709960137,1.0,98.0,186.0,20.0,29.0,79.0,0.0,1.8846153846153846,0.38461538461538464,1.2904566274732021,0.6125,1.0526315789473684,0.057692307692307696,0.057692307692307696,0.005905230005726284,0.9807692307692307,0.9423076923076923,0.057692307692307696,0.0,0.0,0.0,0.0,0.38461538461538464,0.0,0.0,0.038461538461538464,0.11538461538461539,0.0,0.0,0.0,0.0,0.0,0.34615384615384615,0.0,0.0,0.09615384615384616,0.0,0.019230769230769232,0.0,0.0,Benign,False,sample_traffic.pcap,False,0
2023-11-14 22:16:30,32.0,14.0,2.0,32.0,4.0,184.0,53043.0,81.24999921946524,7946.2944108615875,0.28437501192092896,0.07441175912818399,0.04687500195134254,0.07970391749517924,0.24000096321105957,64.0,0.0,64240.0,0.0,314.06473214285717,402.01618726908606,1657.59375,550.7195213635862,2.0,60.0,152.0,0.0,30.0,62.0,0.0,1.875,0.0,1.3498427324679927,0.4838709677419355,1.0714285714285714,0.0625,0.0625,0.006324404761904762,1.0,0.9375,0.0625,0.0,0.0,0.0,0.0,0.0,0.0,0.0,0.0625,0.28125,0.0,0.0,0.0,0.0,0.0,0.5625,0.0,0.0,0.09375,0.0,0.0,0.0,0.0,Benign,False,sample_traffic.pcap,False,0
2023-11-14 22:16:40,40.0,18.0,3.0,40.0,5.0,229.0,65170.0,68.50500004541483,7322.5451437858255,0.53125,1.5177156973481052,0.17124999988646733,0.2035566931905864,10.0,63.975,0.024374999999508873,64240.0,0.0,309.45476190476194,389.7841308815229,1629.25,655.9288356978981,3.0,74.0,188.0,0.0,37.0,77.0,0.0,1.85,0.0,1.3356748620170598,0.4774193548387097,1.1111111111111112,0.075,0.075,0.0080625,0.975,0.925,0.075,0.0,0.0,0.0,0.0,0.0,0.0,0.0,0.05,0.2,0.0,0.0,0.0,0.0,0.0,0.525,0.0,0.0,0.2,0.0,0.025,0.0,0.0,Benign,False,sample_traffic.pcap,False,0
2023-11-14 22:16:50,38.0,19.0,3.0,38.0,5.0,213.0,57318.0,97.36842523542683,9486.66781614029,0.27631572673195287,0.08089696136270166,0.04605262112199214,0.07869479138589633,0.24000096321105957,63.973684210526315,0.025623268697927415,64240.0,0.0,294.17543859649123,384.46569759461283,1508.3684210526317,558.4707701465074,0.0,70.0,175.0,0.0,35.0,70.0,0.0,1.8421052631578947,0.0,1.5358580719373534,0.48951048951048953,1.105263157894737,0.07894736842105263,0.07894736842105263,0.00887292243767313,0.9736842105263158,0.9210526315789473,0.07894736842105263,0.0,0.0,0.0,0.0,0.0,0.0,0.0,0.05263157894736842,0.2894736842105263,0.0,0.0,0.0,0.0,0.0,0.47368421052631576,0.0,0.0,0.15789473684210525,0.0,0.02631578947368421,0.0,0.0,Benign,False,sample_traffic.pcap,False,0
2023-11-14 22:17:00,35.0,16.0,4.0,34.0,5.0,195.0,57751.0,132.00000618917804,12742.641073629724,0.2728570461273193,0.09952946535205703,0.04428569881283507,0.07477004469700084,0.24000000953674316,63.94285714285714,0.05387755102037772,64240.0,0.0,311.7605442176871,378.29079728389485,1650.0285714285715,746.3162671496881,5.0,62.0,160.0,0.0,31.0,67.0,0.0,1.7714285714285714,0.0,1.0030869550137005,0.46616541353383456,1.1875,0.11428571428571428,0.11428571428571428,0.014149659863945578,0.9428571428571428,0.8857142857142857,0.11428571428571428,0.0,0.0,0.0,0.0,0.0,0.0,0.0,0.05714285714285714,0.17142857142857143,0.0,0.0,0.0,0.0,0.0,0.5428571428571428,0.0,0.0,0.17142857142857143,0.0,0.05714285714285714,0.0,0.0,Benign,False,sample_traffic.pcap,False,0
2023-11-14 22:17:10,36.0,15.0,2.0,36.0,4.0,206.0,54716.0,74.4444447976589,7281.1110339346815,0.28333332803514266,0.06871842580868455,0.04722222133919044,0.08069336965144752,0.24000000953674316,64.0,0.0,64240.0,0.0,294.5,373.87658739602267,1519.888888888889,502.2654111223237,0.0,68.0,170.0,0.0,34.0,68.0,0.0,1.8888888888888888,0.0,1.2872669509238357,0.4927536231884058,1.1333333333333333,0.05555555555555555,0.05555555555555555,0.005099302200751476,1.0,0.9444444444444444,0.05555555555555555,0.0,0.0,0.0,0.0,0.0,0.0,0.0,0.05555555555555555,0.2222222222222222,0.0,0.0,0.0,0.0,0.0,0.3888888888888889,0.0,0.0,0.3333333333333333,0.0,0.0,0.0,0.0,Benign,False,sample_traffic.pcap,False,0
